alpha,mu,x0,x1
0.9999,0.0,-10.0,3.7199999999997075
0.9999,0.01,-10.0,3.7299999999997073
0.9999,0.02,-10.0,3.739999999999707
0.9999,0.03,-10.0,3.749999999999707
0.9999,0.04,-10.0,3.7599999999997067
0.9999,0.05,-10.0,3.7699999999997065
0.9999,0.06,-10.0,3.7799999999997063
0.9999,0.07,-10.0,3.789999999999706
0.9999,0.08,-10.0,3.799999999999706
0.9999,0.09,-10.0,3.8099999999997056
0.9999,0.1,-10.0,3.8199999999997054
0.9999,0.11,-10.0,3.829999999999705
0.9999,0.12,-10.0,3.839999999999705
0.9999,0.13,-10.0,3.8499999999997048
0.9999,0.14,-10.0,3.8599999999997046
0.9999,0.15,-10.0,3.8699999999997043
0.9999,0.16,-10.0,3.879999999999704
0.9999,0.17,-10.0,3.889999999999704
0.9999,0.18,-10.0,3.8999999999997037
0.9999,0.19,-10.0,3.9099999999997035
0.9999,0.2,-10.0,3.9199999999997033
0.9999,0.21,-10.0,3.929999999999703
0.9999,0.22,-10.0,3.939999999999703
0.9999,0.23,-10.0,3.9499999999997026
0.9999,0.24,-10.0,3.9599999999997024
0.9999,0.25,-10.0,3.969999999999702
0.9999,0.26,-10.0,3.979999999999702
0.9999,0.27,-10.0,3.989999999999702
0.9999,0.28,-10.0,3.9999999999997016
0.9999,0.29,-10.0,4.009999999999701
0.9999,0.3,-10.0,4.019999999999701
0.9999,0.31,-10.0,4.029999999999701
0.9999,0.32,-10.0,4.039999999999701
0.9999,0.33,-10.0,4.0499999999997005
0.9999,0.34,-10.0,4.0599999999997
0.9999,0.35000000000000003,-10.0,4.0699999999997
0.9999,0.36,-10.0,4.0799999999997
0.9999,0.37,-10.0,4.0899999999997
0.9999,0.38,-10.0,4.099999999999699
0.9999,0.39,-10.0,4.109999999999699
0.9999,0.4,-10.0,4.119999999999699
0.9999,0.41000000000000003,-10.0,4.129999999999699
0.9999,0.42,-10.0,4.139999999999699
0.9999,0.43,-10.0,4.149999999999698
0.9999,0.44,-10.0,4.159999999999698
0.9999,0.45,-10.0,4.169999999999698
0.9999,0.46,-10.0,4.179999999999698
0.9999,0.47000000000000003,-10.0,4.1899999999996975
0.9999,0.48,-10.0,4.199999999999697
0.9999,0.49,-10.0,4.209999999999697
0.9999,0.5,-10.0,4.219999999999697
0.9999,0.51,-10.0,4.229999999999697
0.9999,0.52,-10.0,4.2399999999996965
0.9999,0.53,-10.0,4.249999999999696
0.9999,0.54,-10.0,4.259999999999696
0.9999,0.55,-10.0,4.269999999999696
0.9999,0.56,-10.0,4.279999999999696
0.9999,0.5700000000000001,-10.0,4.289999999999695
0.9999,0.58,-10.0,4.299999999999695
0.9999,0.59,-10.0,4.309999999999695
0.9999,0.6,-10.0,4.319999999999695
0.9999,0.61,-10.0,4.3299999999996945
0.9999,0.62,-10.0,4.339999999999694
0.9999,0.63,-10.0,4.349999999999694
0.9999,0.64,-10.0,4.359999999999694
0.9999,0.65,-10.0,4.369999999999694
0.9999,0.66,-10.0,4.3799999999996935
0.9999,0.67,-9.99,4.389999999999693
0.9999,0.68,-9.830000000000004,4.399999999999693
0.9999,0.6900000000000001,-9.680000000000007,4.409999999999693
0.9999,0.7000000000000001,-9.53000000000001,4.419999999999693
0.9999,0.71,-9.390000000000013,4.429999999999692
0.9999,0.72,-9.240000000000016,4.439999999999692
0.9999,0.73,-9.110000000000019,4.449999999999692
0.9999,0.74,-8.980000000000022,4.459999999999692
0.9999,0.75,-8.850000000000025,4.4699999999996916
0.9999,0.76,-8.720000000000027,4.479999999999691
0.9999,0.77,-8.60000000000003,4.489999999999691
0.9999,0.78,-8.480000000000032,4.499999999999691
0.9999,0.79,-8.360000000000035,4.509999999999691
0.9999,0.8,-8.240000000000038,4.5199999999996905
0.9999,0.81,-8.13000000000004,4.52999999999969
0.9999,0.8200000000000001,-8.020000000000042,4.53999999999969
0.9999,0.8300000000000001,-7.920000000000044,4.54999999999969
0.9999,0.84,-7.810000000000047,4.55999999999969
0.9999,0.85,-7.710000000000049,4.569999999999689
0.9999,0.86,-7.610000000000051,4.579999999999689
0.9999,0.87,-7.510000000000053,4.589999999999689
0.9999,0.88,-7.420000000000055,4.599999999999689
0.9999,0.89,-7.320000000000057,4.609999999999689
0.9999,0.9,-7.230000000000059,4.619999999999688
0.9999,0.91,-7.140000000000061,4.629999999999688
0.9999,0.92,-7.060000000000063,4.639999999999688
0.9999,0.93,-6.970000000000065,4.649999999999688
0.9999,0.9400000000000001,-6.890000000000066,4.6599999999996875
0.9999,0.9500000000000001,-6.800000000000068,4.669999999999687
0.9999,0.96,-6.72000000000007,4.679999999999687
0.9999,0.97,-6.640000000000072,4.689999999999687
0.9999,0.98,-6.570000000000073,4.699999999999687
0.9999,0.99,-6.490000000000075,4.709999999999686
0.9999,1.0,-6.4100000000000765,4.719999999999686
0.9999,1.01,-6.340000000000078,4.729999999999686
0.9999,1.02,-6.2700000000000795,4.739999999999686
0.9999,1.03,-6.200000000000081,4.749999999999686
0.9999,1.04,-6.1300000000000825,4.759999999999685
0.9999,1.05,-6.060000000000084,4.769999999999685
0.9999,1.06,-5.9900000000000855,4.779999999999685
0.9999,1.07,-5.930000000000087,4.789999999999685
0.9999,1.08,-5.860000000000088,4.7999999999996845
0.9999,1.09,-5.8000000000000895,4.809999999999684
0.9999,1.1,-5.740000000000091,4.819999999999684
0.9999,1.11,-5.670000000000092,4.829999999999684
0.9999,1.12,-5.610000000000094,4.839999999999684
0.9999,1.1300000000000001,-5.550000000000095,4.8499999999996835
0.9999,1.1400000000000001,-5.490000000000096,4.859999999999683
0.9999,1.1500000000000001,-5.440000000000097,4.869999999999683
0.9999,1.16,-5.3800000000000985,4.879999999999683
0.9999,1.17,-5.3200000000001,4.889999999999683
0.9999,1.18,-5.270000000000101,4.899999999999682
0.9999,1.19,-5.210000000000102,4.909999999999682
0.9999,1.2,-5.160000000000103,4.919999999999682
0.9999,1.21,-5.110000000000104,4.929999999999682
0.9999,1.22,-5.060000000000105,4.9399999999996815
0.9999,1.23,-5.010000000000106,4.949999999999681
0.9999,1.24,-4.950000000000108,4.959999999999681
0.9999,1.25,-4.9100000000001085,4.969999999999681
0.9999,1.26,-4.86000000000011,4.979999999999681
0.9999,1.27,-4.810000000000111,4.9899999999996805
0.9999,1.28,-4.760000000000112,4.99999999999968
0.9999,1.29,-4.710000000000113,5.00999999999968
0.9999,1.3,-4.670000000000114,5.01999999999968
0.9999,1.31,-4.620000000000115,5.02999999999968
0.9999,1.32,-4.5800000000001155,5.039999999999679
0.9999,1.33,-4.530000000000117,5.049999999999679
0.9999,1.34,-4.4900000000001175,5.059999999999679
0.9999,1.35,-4.450000000000118,5.069999999999679
0.9999,1.36,-4.400000000000119,5.0799999999996786
0.9999,1.37,-4.36000000000012,5.089999999999678
0.9999,1.3800000000000001,-4.320000000000121,5.099999999999678
0.9999,1.3900000000000001,-4.280000000000122,5.109999999999678
0.9999,1.4000000000000001,-4.240000000000123,5.119999999999678
0.9999,1.41,-4.200000000000124,5.1299999999996775
0.9999,1.42,-4.1600000000001245,5.139999999999677
0.9999,1.43,-4.120000000000125,5.149999999999677
0.9999,1.44,-4.080000000000126,5.159999999999677
0.9999,1.45,-4.040000000000127,5.169999999999677
0.9999,1.46,-4.000000000000128,5.179999999999676
0.9999,1.47,-3.9700000000001285,5.189999999999676
0.9999,1.48,-3.9300000000001294,5.199999999999676
0.9999,1.49,-3.8900000000001302,5.209999999999676
0.9999,1.5,-3.860000000000131,5.219999999999676
0.9999,1.51,-3.8200000000001317,5.229999999999675
0.9999,1.52,-3.7900000000001324,5.239999999999675
0.9999,1.53,-3.7500000000001332,5.249999999999675
0.9999,1.54,-3.720000000000134,5.259999999999675
0.9999,1.55,-3.6800000000001347,5.2699999999996745
0.9999,1.56,-3.6500000000001354,5.279999999999674
0.9999,1.57,-3.620000000000136,5.289999999999674
0.9999,1.58,-3.580000000000137,5.299999999999674
0.9999,1.59,-3.5500000000001375,5.309999999999674
0.9999,1.6,-3.520000000000138,5.319999999999673
0.9999,1.61,-3.4900000000001388,5.329999999999673
0.9999,1.62,-3.4600000000001394,5.339999999999673
0.9999,1.6300000000000001,-3.4200000000001403,5.349999999999673
0.9999,1.6400000000000001,-3.390000000000141,5.359999999999673
0.9999,1.6500000000000001,-3.3600000000001415,5.369999999999672
0.9999,1.6600000000000001,-3.330000000000142,5.379999999999672
0.9999,1.67,-3.300000000000143,5.389999999999672
0.9999,1.68,-3.2700000000001435,5.399999999999672
0.9999,1.69,-3.2600000000001437,5.4099999999996715
0.9999,1.7,-3.240000000000144,5.429999999999671
0.9999,1.71,-3.2100000000001447,5.439999999999671
0.9999,1.72,-3.1800000000001454,5.449999999999671
0.9999,1.73,-3.150000000000146,5.4599999999996705
0.9999,1.74,-3.1200000000001467,5.46999999999967
0.9999,1.75,-3.100000000000147,5.47999999999967
0.9999,1.76,-3.0700000000001477,5.48999999999967
0.9999,1.77,-3.0400000000001484,5.49999999999967
0.9999,1.78,-3.010000000000149,5.509999999999669
0.9999,1.79,-2.9900000000001494,5.519999999999669
0.9999,1.8,-2.96000000000015,5.529999999999669
0.9999,1.81,-2.9300000000001507,5.539999999999669
0.9999,1.82,-2.910000000000151,5.5499999999996685
0.9999,1.83,-2.8800000000001518,5.559999999999668
0.9999,1.84,-2.860000000000152,5.569999999999668
0.9999,1.85,-2.830000000000153,5.579999999999668
0.9999,1.86,-2.8100000000001533,5.589999999999668
0.9999,1.87,-2.780000000000154,5.5999999999996675
0.9999,1.8800000000000001,-2.7600000000001543,5.609999999999667
0.9999,1.8900000000000001,-2.730000000000155,5.619999999999667
0.9999,1.9000000000000001,-2.7100000000001554,5.629999999999667
0.9999,1.9100000000000001,-2.680000000000156,5.639999999999667
0.9999,1.92,-2.6600000000001565,5.649999999999666
0.9999,1.93,-2.630000000000157,5.659999999999666
0.9999,1.94,-2.6100000000001575,5.669999999999666
0.9999,1.95,-2.590000000000158,5.679999999999666
0.9999,1.96,-2.5600000000001586,5.6899999999996655
0.9999,1.97,-2.540000000000159,5.699999999999665
0.9999,1.98,-2.5200000000001594,5.709999999999665
0.9999,1.99,-2.50000000000016,5.719999999999665
0.9999,2.0,-2.4700000000001605,5.729999999999665
0.9999,2.0100000000000002,-2.450000000000161,5.7399999999996645
0.9999,2.02,-2.440000000000161,5.749999999999664
0.9999,2.0300000000000002,-2.4300000000001614,5.759999999999664
0.9999,2.04,-2.400000000000162,5.779999999999664
0.9999,2.05,-2.3800000000001624,5.789999999999663
0.9999,2.06,-2.360000000000163,5.799999999999663
0.9999,2.07,-2.3400000000001633,5.809999999999663
0.9999,2.08,-2.3200000000001637,5.819999999999663
0.9999,2.09,-2.300000000000164,5.829999999999663
0.9999,2.1,-2.2800000000001646,5.839999999999662
0.9999,2.11,-2.250000000000165,5.849999999999662
0.9999,2.12,-2.2300000000001656,5.859999999999662
0.9999,2.13,-2.210000000000166,5.869999999999662
0.9999,2.14,-2.1900000000001665,5.8799999999996615
0.9999,2.15,-2.170000000000167,5.889999999999661
0.9999,2.16,-2.160000000000167,5.899999999999661
0.9999,2.17,-2.1500000000001673,5.909999999999661
0.9999,2.18,-2.1300000000001678,5.92999999999966
0.9999,2.19,-2.110000000000168,5.93999999999966
0.9999,2.2,-2.0900000000001686,5.94999999999966
0.9999,2.21,-2.070000000000169,5.95999999999966
0.9999,2.22,-2.0500000000001695,5.96999999999966
0.9999,2.23,-2.03000000000017,5.979999999999659
0.9999,2.24,-2.0100000000001703,5.989999999999659
0.9999,2.25,-1.9900000000001707,5.999999999999659
0.9999,2.2600000000000002,-1.980000000000171,6.009999999999657
0.9999,2.27,-1.9700000000001712,6.0199999999996585
0.9999,2.2800000000000002,-1.9600000000001714,6.02999999999966
0.9999,2.29,-1.9400000000001718,6.049999999999656
0.9999,2.3000000000000003,-1.9200000000001722,6.059999999999658
0.9999,2.31,-1.9000000000001727,6.069999999999659
0.9999,2.32,-1.880000000000173,6.079999999999657
0.9999,2.33,-1.8600000000001735,6.089999999999655
0.9999,2.34,-1.8500000000001737,6.099999999999657
0.9999,2.35,-1.8300000000001742,6.109999999999658
0.9999,2.36,-1.8200000000001744,6.119999999999656
0.9999,2.37,-1.8100000000001746,6.129999999999654
0.9999,2.38,-1.790000000000175,6.1499999999996575
0.9999,2.39,-1.7700000000001754,6.1599999999996555
0.9999,2.4,-1.7600000000001756,6.1699999999996535
0.9999,2.41,-1.740000000000176,6.179999999999655
0.9999,2.42,-1.7200000000001765,6.189999999999657
0.9999,2.43,-1.700000000000177,6.199999999999655
0.9999,2.44,-1.6900000000001771,6.209999999999653
0.9999,2.45,-1.6800000000001774,6.219999999999654
0.9999,2.46,-1.6700000000001776,6.229999999999656
0.9999,2.47,-1.650000000000178,6.249999999999652
0.9999,2.48,-1.6400000000001782,6.259999999999653
0.9999,2.49,-1.6200000000001786,6.269999999999655
0.9999,2.5,-1.600000000000179,6.279999999999653
0.9999,2.5100000000000002,-1.5900000000001793,6.289999999999651
0.9999,2.52,-1.5700000000001797,6.2999999999996525
0.9999,2.5300000000000002,-1.56000000000018,6.309999999999654
0.9999,2.54,-1.5500000000001801,6.319999999999652
0.9999,2.5500000000000003,-1.5400000000001803,6.32999999999965
0.9999,2.56,-1.5200000000001808,6.349999999999653
0.9999,2.57,-1.5000000000001812,6.359999999999651
0.9999,2.58,-1.4900000000001814,6.369999999999649
0.9999,2.59,-1.4700000000001818,6.379999999999651
0.9999,2.6,-1.460000000000182,6.389999999999652
0.9999,2.61,-1.4500000000001823,6.39999999999965
0.9999,2.62,-1.4400000000001825,6.409999999999648
0.9999,2.63,-1.4300000000001827,6.41999999999965
0.9999,2.64,-1.410000000000183,6.43999999999965
0.9999,2.65,-1.3900000000001835,6.449999999999648
0.9999,2.66,-1.3800000000001837,6.459999999999649
0.9999,2.67,-1.370000000000184,6.469999999999651
0.9999,2.68,-1.3600000000001842,6.479999999999649
0.9999,2.69,-1.3500000000001844,6.489999999999647
0.9999,2.7,-1.3300000000001848,6.50999999999965
0.9999,2.71,-1.320000000000185,6.519999999999648
0.9999,2.72,-1.3000000000001855,6.529999999999646
0.9999,2.73,-1.2900000000001857,6.539999999999647
0.9999,2.74,-1.270000000000186,6.549999999999649
0.9999,2.75,-1.2600000000001863,6.559999999999647
0.9999,2.7600000000000002,-1.2500000000001865,6.569999999999645
0.9999,2.77,-1.2400000000001867,6.579999999999647
0.9999,2.7800000000000002,-1.230000000000187,6.589999999999648
0.9999,2.79,-1.2200000000001872,6.599999999999646
0.9999,2.8000000000000003,-1.2000000000001876,6.619999999999646
0.9999,2.81,-1.1900000000001878,6.629999999999647
0.9999,2.82,-1.1700000000001882,6.639999999999645
0.9999,2.83,-1.1600000000001884,6.649999999999643
0.9999,2.84,-1.1500000000001886,6.659999999999645
0.9999,2.85,-1.1400000000001889,6.669999999999646
0.9999,2.86,-1.130000000000189,6.6799999999996444
0.9999,2.87,-1.1200000000001893,6.6899999999996425
0.9999,2.88,-1.1000000000001897,6.709999999999646
0.9999,2.89,-1.09000000000019,6.719999999999644
0.9999,2.9,-1.0800000000001901,6.729999999999642
0.9999,2.91,-1.0700000000001904,6.739999999999643
0.9999,2.92,-1.0600000000001906,6.749999999999645
0.9999,2.93,-1.0500000000001908,6.759999999999643
0.9999,2.94,-1.0300000000001912,6.779999999999642
0.9999,2.95,-1.0200000000001914,6.789999999999644
0.9999,2.96,-1.0100000000001916,6.799999999999642
0.9999,2.97,-0.9900000000001921,6.80999999999964
0.9999,2.98,-0.9800000000001923,6.8199999999996415
0.9999,2.99,-0.9700000000001925,6.829999999999643
0.9999,3.0,-0.9600000000001927,6.839999999999641
0.9999,3.0100000000000002,-0.9500000000001929,6.849999999999639
0.9999,3.02,-0.9400000000001931,6.859999999999641
0.9999,3.0300000000000002,-0.9300000000001933,6.869999999999642
0.9999,3.04,-0.9100000000001938,6.889999999999638
0.9999,3.0500000000000003,-0.900000000000194,6.89999999999964
0.9999,3.06,-0.8900000000001942,6.909999999999641
0.9999,3.0700000000000003,-0.8700000000001946,6.919999999999639
0.9999,3.08,-0.8600000000001948,6.929999999999637
0.9999,3.09,-0.850000000000195,6.939999999999639
0.9999,3.1,-0.8400000000001953,6.9499999999996405
0.9999,3.11,-0.8300000000001955,6.9599999999996385
0.9999,3.12,-0.8200000000001957,6.9699999999996365
0.9999,3.13,-0.8100000000001959,6.979999999999638
0.9999,3.14,-0.8000000000001961,6.98999999999964
0.9999,3.15,-0.7900000000001963,6.999999999999638
0.9999,3.16,-0.7700000000001967,7.019999999999637
0.9999,3.17,-0.760000000000197,7.029999999999639
0.9999,3.18,-0.7500000000001972,7.039999999999637
0.9999,3.19,-0.7400000000001974,7.049999999999635
0.9999,3.2,-0.7300000000001976,7.059999999999636
0.9999,3.21,-0.7200000000001978,7.069999999999638
0.9999,3.22,-0.710000000000198,7.079999999999636
0.9999,3.23,-0.7000000000001982,7.089999999999634
0.9999,3.24,-0.6900000000001985,7.0999999999996355
0.9999,3.25,-0.6700000000001989,7.119999999999635
0.9999,3.2600000000000002,-0.6600000000001991,7.129999999999633
0.9999,3.27,-0.6500000000001993,7.139999999999635
0.9999,3.2800000000000002,-0.6400000000001995,7.149999999999636
0.9999,3.29,-0.6300000000001997,7.159999999999634
0.9999,3.3000000000000003,-0.6200000000002,7.169999999999632
0.9999,3.31,-0.6100000000002002,7.179999999999634
0.9999,3.3200000000000003,-0.6000000000002004,7.189999999999635
0.9999,3.33,-0.5900000000002006,7.199999999999633
0.9999,3.34,-0.5800000000002008,7.209999999999631
0.9999,3.35,-0.570000000000201,7.219999999999633
0.9999,3.36,-0.5600000000002012,7.2299999999996345
0.9999,3.37,-0.5400000000002017,7.2499999999996305
0.9999,3.38,-0.5300000000002019,7.259999999999632
0.9999,3.39,-0.5200000000002021,7.269999999999634
0.9999,3.4,-0.5100000000002023,7.279999999999632
0.9999,3.41,-0.5000000000002025,7.28999999999963
0.9999,3.42,-0.4900000000002027,7.299999999999631
0.9999,3.43,-0.48000000000020293,7.309999999999633
0.9999,3.44,-0.47000000000020314,7.319999999999631
0.9999,3.45,-0.46000000000020336,7.329999999999629
0.9999,3.46,-0.45000000000020357,7.33999999999963
0.9999,3.47,-0.4400000000002038,7.349999999999632
0.9999,3.48,-0.430000000000204,7.35999999999963
0.9999,3.49,-0.4200000000002042,7.369999999999628
0.9999,3.5,-0.4100000000002044,7.3799999999996295
0.9999,3.5100000000000002,-0.40000000000020464,7.389999999999631
0.9999,3.52,-0.38000000000020506,7.409999999999627
0.9999,3.5300000000000002,-0.3700000000002053,7.419999999999629
0.9999,3.54,-0.3600000000002055,7.42999999999963
0.9999,3.5500000000000003,-0.3500000000002057,7.439999999999628
0.9999,3.56,-0.3400000000002059,7.449999999999626
0.9999,3.5700000000000003,-0.33000000000020613,7.459999999999628
0.9999,3.58,-0.32000000000020634,7.469999999999629
0.9999,3.59,-0.31000000000020655,7.479999999999627
0.9999,3.6,-0.30000000000020677,7.489999999999625
0.9999,3.61,-0.290000000000207,7.499999999999627
0.9999,3.62,-0.2800000000002072,7.5099999999996285
0.9999,3.63,-0.2700000000002074,7.5199999999996265
0.9999,3.64,-0.2600000000002076,7.5299999999996245
0.9999,3.65,-0.25000000000020783,7.539999999999626
0.9999,3.66,-0.24000000000020805,7.549999999999628
0.9999,3.67,-0.23000000000020826,7.559999999999626
0.9999,3.68,-0.22000000000020847,7.569999999999624
0.9999,3.69,-0.2100000000002087,7.579999999999625
0.9999,3.7,-0.2000000000002089,7.589999999999627
0.9999,3.71,-0.1900000000002091,7.599999999999625
0.9999,3.72,-0.18000000000020933,7.609999999999623
0.9999,3.73,-0.17000000000020954,7.619999999999624
0.9999,3.74,-0.16000000000020975,7.629999999999626
0.9999,3.75,-0.15000000000020997,7.639999999999624
0.9999,3.7600000000000002,-0.14000000000021018,7.649999999999622
0.9999,3.77,-0.1300000000002104,7.6599999999996236
0.9999,3.7800000000000002,-0.1200000000002106,7.669999999999625
0.9999,3.79,-0.11000000000021082,7.679999999999623
0.9999,3.8000000000000003,-0.10000000000021103,7.689999999999621
0.9999,3.81,-0.09000000000021124,7.699999999999623
0.9999,3.8200000000000003,-0.08000000000021146,7.709999999999624
0.9999,3.83,-0.07000000000021167,7.719999999999622
0.9999,3.84,-0.060000000000211884,7.72999999999962
0.9999,3.85,-0.0500000000002121,7.739999999999622
0.9999,3.86,-0.04000000000021231,7.749999999999623
0.9999,3.87,-0.030000000000212523,7.759999999999621
0.9999,3.88,-0.020000000000212736,7.769999999999619
0.9999,3.89,-0.01000000000021295,7.779999999999621
0.9999,3.9,0.009999999999786624,7.799999999999621
0.9999,3.91,0.01999999999978641,7.809999999999619
0.9999,3.92,0.029999999999786198,7.81999999999962
0.9999,3.93,0.039999999999785985,7.829999999999622
0.9999,3.94,0.04999999999978577,7.83999999999962
0.9999,3.95,0.05999999999978556,7.849999999999618
0.9999,3.96,0.06999999999978535,7.859999999999619
0.9999,3.97,0.07999999999978513,7.869999999999621
0.9999,3.98,0.08999999999978492,7.879999999999619
0.9999,3.99,0.0999999999997847,7.889999999999617
0.9999,4.0,0.10999999999978449,7.899999999999618
0.9999,4.01,0.11999999999978428,7.90999999999962
0.9999,4.0200000000000005,0.12999999999978407,7.919999999999618
0.9999,4.03,0.13999999999978385,7.929999999999616
0.9999,4.04,0.14999999999978364,7.939999999999618
0.9999,4.05,0.15999999999978343,7.949999999999619
0.9999,4.0600000000000005,0.1699999999997832,7.959999999999617
0.9999,4.07,0.179999999999783,7.969999999999615
0.9999,4.08,0.1899999999997828,7.979999999999617
0.9999,4.09,0.19999999999978257,7.989999999999618
0.9999,4.1,0.20999999999978236,7.999999999999616
0.9999,4.11,0.21999999999978215,8.009999999999614
0.9999,4.12,0.22999999999978193,8.019999999999616
0.9999,4.13,0.23999999999978172,8.029999999999617
0.9999,4.14,0.2499999999997815,8.039999999999615
0.9999,4.15,0.2599999999997813,8.049999999999613
0.9999,4.16,0.2699999999997811,8.059999999999615
0.9999,4.17,0.27999999999978087,8.069999999999617
0.9999,4.18,0.28999999999978066,8.079999999999615
0.9999,4.19,0.29999999999978044,8.089999999999613
0.9999,4.2,0.30999999999978023,8.099999999999614
0.9999,4.21,0.31999999999978,8.109999999999616
0.9999,4.22,0.3299999999997798,8.119999999999614
0.9999,4.23,0.3399999999997796,8.129999999999612
0.9999,4.24,0.3499999999997794,8.139999999999613
0.9999,4.25,0.35999999999977916,8.149999999999615
0.9999,4.26,0.36999999999977895,8.159999999999613
0.9999,4.2700000000000005,0.37999999999977874,8.169999999999611
0.9999,4.28,0.3899999999997785,8.179999999999612
0.9999,4.29,0.3999999999997783,8.189999999999614
0.9999,4.3,0.4099999999997781,8.199999999999612
0.9999,4.3100000000000005,0.4199999999997779,8.20999999999961
0.9999,4.32,0.42999999999977767,8.219999999999612
0.9999,4.33,0.43999999999977746,8.229999999999613
0.9999,4.34,0.44999999999977724,8.239999999999611
0.9999,4.3500000000000005,0.45999999999977703,8.24999999999961
0.9999,4.36,0.4699999999997768,8.25999999999961
0.9999,4.37,0.4799999999997766,8.269999999999612
0.9999,4.38,0.4899999999997764,8.27999999999961
0.9999,4.39,0.4999999999997762,8.289999999999608
0.9999,4.4,0.509999999999776,8.29999999999961
0.9999,4.41,0.5199999999997758,8.309999999999611
0.9999,4.42,0.5299999999997755,8.31999999999961
0.9999,4.43,0.5399999999997753,8.329999999999607
0.9999,4.44,0.5499999999997751,8.339999999999609
0.9999,4.45,0.5599999999997749,8.34999999999961
0.9999,4.46,0.5699999999997747,8.359999999999609
0.9999,4.47,0.5799999999997745,8.369999999999607
0.9999,4.48,0.5899999999997743,8.379999999999608
0.9999,4.49,0.599999999999774,8.38999999999961
0.9999,4.5,0.6099999999997738,8.399999999999608
0.9999,4.51,0.6199999999997736,8.409999999999606
0.9999,4.5200000000000005,0.6299999999997734,8.419999999999607
0.9999,4.53,0.6399999999997732,8.429999999999609
0.9999,4.54,0.649999999999773,8.439999999999607
0.9999,4.55,0.6599999999997728,8.449999999999605
0.9999,4.5600000000000005,0.6699999999997726,8.459999999999607
0.9999,4.57,0.6799999999997723,8.469999999999608
0.9999,4.58,0.6899999999997721,8.479999999999606
0.9999,4.59,0.6999999999997719,8.489999999999604
0.9999,4.6000000000000005,0.7099999999997717,8.499999999999606
0.9999,4.61,0.7199999999997715,8.509999999999607
0.9999,4.62,0.7299999999997713,8.519999999999605
0.9999,4.63,0.7399999999997711,8.529999999999603
0.9999,4.64,0.7499999999997708,8.539999999999605
0.9999,4.65,0.7599999999997706,8.549999999999606
0.9999,4.66,0.7699999999997704,8.559999999999604
0.9999,4.67,0.7799999999997702,8.569999999999602
0.9999,4.68,0.78999999999977,8.579999999999604
0.9999,4.69,0.7999999999997698,8.589999999999606
0.9999,4.7,0.8099999999997696,8.599999999999604
0.9999,4.71,0.8199999999997694,8.609999999999602
0.9999,4.72,0.8299999999997691,8.619999999999603
0.9999,4.73,0.8399999999997689,8.629999999999605
0.9999,4.74,0.8499999999997687,8.639999999999603
0.9999,4.75,0.8599999999997685,8.6499999999996
0.9999,4.76,0.8699999999997683,8.659999999999602
0.9999,4.7700000000000005,0.8799999999997681,8.669999999999604
0.9999,4.78,0.8899999999997679,8.679999999999602
0.9999,4.79,0.8999999999997677,8.6899999999996
0.9999,4.8,0.9099999999997674,8.699999999999601
0.9999,4.8100000000000005,0.9199999999997672,8.709999999999603
0.9999,4.82,0.929999999999767,8.719999999999601
0.9999,4.83,0.9399999999997668,8.729999999999599
0.9999,4.84,0.9499999999997666,8.7399999999996
0.9999,4.8500000000000005,0.9599999999997664,8.749999999999602
0.9999,4.86,0.9699999999997662,8.7599999999996
0.9999,4.87,0.979999999999766,8.769999999999598
0.9999,4.88,0.9899999999997657,8.7799999999996
0.9999,4.89,0.9999999999997655,8.789999999999601
0.9999,4.9,1.0099999999997653,8.7999999999996
0.9999,4.91,1.019999999999765,8.809999999999597
0.9999,4.92,1.0299999999997649,8.819999999999599
0.9999,4.93,1.0399999999997647,8.8299999999996
0.9999,4.94,1.0499999999997645,8.839999999999598
0.9999,4.95,1.0599999999997642,8.849999999999596
0.9999,4.96,1.069999999999764,8.859999999999598
0.9999,4.97,1.0799999999997638,8.8699999999996
0.9999,4.98,1.0899999999997636,8.879999999999598
0.9999,4.99,1.0999999999997634,8.889999999999596
0.9999,5.0,1.1099999999997632,8.899999999999597
0.9999,5.01,1.119999999999763,8.909999999999599
0.9999,5.0200000000000005,1.1299999999997627,8.919999999999597
0.9999,5.03,1.1399999999997625,8.929999999999595
0.9999,5.04,1.1499999999997623,8.939999999999596
0.9999,5.05,1.159999999999762,8.949999999999598
0.9999,5.0600000000000005,1.169999999999762,8.959999999999596
0.9999,5.07,1.1799999999997617,8.969999999999594
0.9999,5.08,1.1899999999997615,8.979999999999595
0.9999,5.09,1.1999999999997613,8.989999999999597
0.9999,5.1000000000000005,1.209999999999761,8.999999999999595
0.9999,5.11,1.2199999999997608,9.009999999999593
0.9999,5.12,1.2299999999997606,9.019999999999595
0.9999,5.13,1.2399999999997604,9.029999999999596
0.9999,5.14,1.2499999999997602,9.039999999999594
0.9999,5.15,1.25999999999976,9.049999999999592
0.9999,5.16,1.2699999999997598,9.059999999999594
0.9999,5.17,1.2799999999997596,9.069999999999595
0.9999,5.18,1.2899999999997593,9.079999999999593
0.9999,5.19,1.2999999999997591,9.089999999999591
0.9999,5.2,1.309999999999759,9.099999999999593
0.9999,5.21,1.3199999999997587,9.109999999999594
0.9999,5.22,1.3299999999997585,9.119999999999592
0.9999,5.23,1.3399999999997583,9.12999999999959
0.9999,5.24,1.349999999999758,9.139999999999592
0.9999,5.25,1.3599999999997578,9.149999999999594
0.9999,5.26,1.3699999999997576,9.159999999999592
0.9999,5.2700000000000005,1.3799999999997574,9.16999999999959
0.9999,5.28,1.3899999999997572,9.179999999999591
0.9999,5.29,1.399999999999757,9.189999999999593
0.9999,5.3,1.4099999999997568,9.19999999999959
0.9999,5.3100000000000005,1.4199999999997566,9.209999999999589
0.9999,5.32,1.4299999999997564,9.21999999999959
0.9999,5.33,1.4399999999997561,9.229999999999592
0.9999,5.34,1.449999999999756,9.23999999999959
0.9999,5.3500000000000005,1.4599999999997557,9.249999999999588
0.9999,5.36,1.4699999999997555,9.25999999999959
0.9999,5.37,1.4799999999997553,9.269999999999591
0.9999,5.38,1.489999999999755,9.279999999999589
0.9999,5.39,1.4999999999997549,9.289999999999587
0.9999,5.4,1.5099999999997546,9.299999999999589
0.9999,5.41,1.5199999999997544,9.30999999999959
0.9999,5.42,1.5299999999997542,9.319999999999588
0.9999,5.43,1.539999999999754,9.329999999999586
0.9999,5.44,1.5499999999997538,9.339999999999588
0.9999,5.45,1.5599999999997536,9.34999999999959
0.9999,5.46,1.5699999999997534,9.359999999999587
0.9999,5.47,1.5799999999997532,9.369999999999585
0.9999,5.48,1.589999999999753,9.379999999999587
0.9999,5.49,1.5999999999997527,9.389999999999588
0.9999,5.5,1.6099999999997525,9.399999999999586
0.9999,5.51,1.6199999999997523,9.409999999999584
0.9999,5.5200000000000005,1.629999999999752,9.419999999999586
0.9999,5.53,1.6399999999997519,9.429999999999588
0.9999,5.54,1.6499999999997517,9.439999999999586
0.9999,5.55,1.6599999999997515,9.449999999999584
0.9999,5.5600000000000005,1.6699999999997512,9.459999999999585
0.9999,5.57,1.679999999999751,9.469999999999587
0.9999,5.58,1.6899999999997508,9.479999999999585
0.9999,5.59,1.6999999999997506,9.489999999999583
0.9999,5.6000000000000005,1.7099999999997504,9.499999999999584
0.9999,5.61,1.7199999999997502,9.509999999999586
0.9999,5.62,1.72999999999975,9.519999999999584
0.9999,5.63,1.7399999999997497,9.529999999999582
0.9999,5.64,1.7499999999997495,9.539999999999583
0.9999,5.65,1.7599999999997493,9.549999999999585
0.9999,5.66,1.769999999999749,9.559999999999583
0.9999,5.67,1.779999999999749,9.569999999999581
0.9999,5.68,1.7899999999997487,9.579999999999583
0.9999,5.69,1.7999999999997485,9.589999999999584
0.9999,5.7,1.8099999999997483,9.599999999999582
0.9999,5.71,1.819999999999748,9.60999999999958
0.9999,5.72,1.8299999999997478,9.619999999999582
0.9999,5.73,1.8399999999997476,9.629999999999583
0.9999,5.74,1.8499999999997474,9.639999999999581
0.9999,5.75,1.8599999999997472,9.64999999999958
0.9999,5.76,1.869999999999747,9.659999999999581
0.9999,5.7700000000000005,1.8799999999997468,9.669999999999582
0.9999,5.78,1.8899999999997465,9.67999999999958
0.9999,5.79,1.8999999999997463,9.689999999999579
0.9999,5.8,1.9099999999997461,9.69999999999958
0.9999,5.8100000000000005,1.919999999999746,9.709999999999582
0.9999,5.82,1.9299999999997457,9.71999999999958
0.9999,5.83,1.9399999999997455,9.729999999999578
0.9999,5.84,1.9499999999997453,9.73999999999958
0.9999,5.8500000000000005,1.959999999999745,9.74999999999958
0.9999,5.86,1.9699999999997448,9.759999999999579
0.9999,5.87,1.9799999999997446,9.769999999999577
0.9999,5.88,1.9899999999997444,9.779999999999578
0.9999,5.89,1.9999999999997442,9.78999999999958
0.9999,5.9,2.009999999999744,9.799999999999578
0.9999,5.91,2.019999999999744,9.809999999999576
0.9999,5.92,2.0299999999997436,9.819999999999578
0.9999,5.93,2.0399999999997434,9.829999999999579
0.9999,5.94,2.049999999999743,9.839999999999577
0.9999,5.95,2.059999999999743,9.849999999999575
0.9999,5.96,2.0699999999997427,9.859999999999577
0.9999,5.97,2.0799999999997425,9.869999999999578
0.9999,5.98,2.0899999999997423,9.879999999999576
0.9999,5.99,2.099999999999742,9.889999999999574
0.9999,6.0,2.109999999999742,9.899999999999576
0.9999,6.01,2.1199999999997416,9.909999999999577
0.9999,6.0200000000000005,2.1299999999997414,9.919999999999575
0.9999,6.03,2.139999999999741,9.929999999999573
0.9999,6.04,2.149999999999741,9.939999999999575
0.9999,6.05,2.159999999999741,9.949999999999577
0.9999,6.0600000000000005,2.1699999999997406,9.959999999999575
0.9999,6.07,2.1799999999997404,9.969999999999573
0.9999,6.08,2.18999999999974,9.979999999999574
0.9999,6.09,2.19999999999974,9.989999999999576
0.9999,6.1000000000000005,2.2099999999997397,9.999999999999574
0.9999,6.11,2.2199999999997395,10.009999999999572
0.9999,6.12,2.2299999999997393,10.019999999999573
0.9999,6.13,2.239999999999739,10.029999999999575
0.9999,6.140000000000001,2.249999999999739,10.039999999999573
0.9999,6.15,2.2599999999997387,10.04999999999957
0.9999,6.16,2.2699999999997384,10.059999999999572
0.9999,6.17,2.2799999999997382,10.069999999999574
0.9999,6.18,2.289999999999738,10.079999999999572
0.9999,6.19,2.299999999999738,10.08999999999957
0.9999,6.2,2.3099999999997376,10.099999999999572
0.9999,6.21,2.3199999999997374,10.109999999999573
0.9999,6.22,2.329999999999737,10.119999999999571
0.9999,6.23,2.339999999999737,10.12999999999957
0.9999,6.24,2.3499999999997367,10.13999999999957
0.9999,6.25,2.3599999999997365,10.149999999999572
0.9999,6.26,2.3699999999997363,10.15999999999957
0.9999,6.2700000000000005,2.379999999999736,10.169999999999568
0.9999,6.28,2.389999999999736,10.17999999999957
0.9999,6.29,2.3999999999997357,10.189999999999571
0.9999,6.3,2.4099999999997355,10.19999999999957
0.9999,6.3100000000000005,2.4199999999997353,10.209999999999567
0.9999,6.32,2.429999999999735,10.219999999999569
0.9999,6.33,2.439999999999735,10.22999999999957
0.9999,6.34,2.4499999999997346,10.239999999999569
0.9999,6.3500000000000005,2.4599999999997344,10.249999999999567
0.9999,6.36,2.469999999999734,10.259999999999568
0.9999,6.37,2.479999999999734,10.26999999999957
0.9999,6.38,2.4899999999997338,10.279999999999568
0.9999,6.390000000000001,2.4999999999997335,10.289999999999566
0.9999,6.4,2.5099999999997333,10.299999999999567
0.9999,6.41,2.519999999999733,10.309999999999569
0.9999,6.42,2.529999999999733,10.319999999999567
0.9999,6.43,2.5399999999997327,10.329999999999565
0.9999,6.44,2.5499999999997325,10.339999999999566
0.9999,6.45,2.5599999999997323,10.349999999999568
0.9999,6.46,2.569999999999732,10.359999999999566
0.9999,6.47,2.579999999999732,10.369999999999564
0.9999,6.48,2.5899999999997316,10.379999999999566
0.9999,6.49,2.5999999999997314,10.389999999999567
0.9999,6.5,2.609999999999731,10.399999999999565
0.9999,6.51,2.619999999999731,10.409999999999563
0.9999,6.5200000000000005,2.6299999999997308,10.419999999999565
0.9999,6.53,2.6399999999997306,10.429999999999566
0.9999,6.54,2.6499999999997303,10.439999999999564
0.9999,6.55,2.65999999999973,10.449999999999562
0.9999,6.5600000000000005,2.66999999999973,10.459999999999564
0.9999,6.57,2.6799999999997297,10.469999999999565
0.9999,6.58,2.6899999999997295,10.479999999999563
0.9999,6.59,2.6999999999997293,10.489999999999561
0.9999,6.6000000000000005,2.709999999999729,10.499999999999563
0.9999,6.61,2.719999999999729,10.509999999999565
0.9999,6.62,2.7299999999997286,10.519999999999563
0.9999,6.63,2.7399999999997284,10.52999999999956
0.9999,6.640000000000001,2.749999999999728,10.539999999999562
0.9999,6.65,2.759999999999728,10.549999999999564
0.9999,6.66,2.769999999999728,10.559999999999562
0.9999,6.67,2.7799999999997276,10.56999999999956
0.9999,6.68,2.7899999999997274,10.579999999999561
0.9999,6.69,2.799999999999727,10.589999999999563
0.9999,6.7,2.809999999999727,10.59999999999956
0.9999,6.71,2.8199999999997267,10.609999999999559
0.9999,6.72,2.8299999999997265,10.61999999999956
0.9999,6.73,2.8399999999997263,10.629999999999562
0.9999,6.74,2.849999999999726,10.63999999999956
0.9999,6.75,2.859999999999726,10.649999999999558
0.9999,6.76,2.8699999999997257,10.65999999999956
0.9999,6.7700000000000005,2.8799999999997254,10.669999999999561
0.9999,6.78,2.8899999999997252,10.67999999999956
0.9999,6.79,2.899999999999725,10.689999999999557
0.9999,6.8,2.909999999999725,10.699999999999559
0.9999,6.8100000000000005,2.9199999999997246,10.70999999999956
0.9999,6.82,2.9299999999997244,10.719999999999558
0.9999,6.83,2.939999999999724,10.729999999999556
0.9999,6.84,2.949999999999724,10.739999999999558
0.9999,6.8500000000000005,2.9599999999997237,10.74999999999956
0.9999,6.86,2.9699999999997235,10.759999999999557
0.9999,6.87,2.9799999999997233,10.769999999999555
0.9999,6.88,2.989999999999723,10.779999999999557
0.9999,6.890000000000001,2.999999999999723,10.789999999999559
0.9999,6.9,3.0099999999997227,10.799999999999557
0.9999,6.91,3.0199999999997225,10.809999999999555
0.9999,6.92,3.0299999999997222,10.819999999999556
0.9999,6.93,3.039999999999722,10.829999999999558
0.9999,6.94,3.049999999999722,10.839999999999556
0.9999,6.95,3.0599999999997216,10.849999999999554
0.9999,6.96,3.0699999999997214,10.859999999999555
0.9999,6.97,3.079999999999721,10.869999999999557
0.9999,6.98,3.089999999999721,10.879999999999555
0.9999,6.99,3.0999999999997208,10.889999999999553
0.9999,7.0,3.1099999999997205,10.899999999999554
0.9999,7.01,3.1199999999997203,10.909999999999556
0.9999,7.0200000000000005,3.12999999999972,10.919999999999554
0.9999,7.03,3.13999999999972,10.929999999999552
0.9999,7.04,3.1499999999997197,10.939999999999554
0.9999,7.05,3.1599999999997195,10.949999999999555
0.9999,7.0600000000000005,3.1699999999997193,10.959999999999553
0.9999,7.07,3.179999999999719,10.969999999999551
0.9999,7.08,3.189999999999719,10.979999999999553
0.9999,7.09,3.1999999999997186,10.989999999999554
0.9999,7.1000000000000005,3.2099999999997184,10.999999999999552
0.9999,7.11,3.219999999999718,11.00999999999955
0.9999,7.12,3.229999999999718,11.019999999999552
0.9999,7.13,3.2399999999997178,11.029999999999553
0.9999,7.140000000000001,3.2499999999997176,11.039999999999552
0.9999,7.15,3.2599999999997173,11.04999999999955
0.9999,7.16,3.269999999999717,11.059999999999551
0.9999,7.17,3.279999999999717,11.069999999999553
0.9999,7.18,3.2899999999997167,11.07999999999955
0.9999,7.19,3.2999999999997165,11.089999999999549
0.9999,7.2,3.3099999999997163,11.09999999999955
0.9999,7.21,3.319999999999716,11.109999999999552
0.9999,7.22,3.329999999999716,11.11999999999955
0.9999,7.23,3.3399999999997156,11.129999999999548
0.9999,7.24,3.3499999999997154,11.13999999999955
0.9999,7.25,3.359999999999715,11.149999999999551
0.9999,7.26,3.369999999999715,11.159999999999549
0.9999,7.2700000000000005,3.379999999999715,11.169999999999547
0.9999,7.28,3.3899999999997146,11.179999999999549
0.9999,7.29,3.3999999999997144,11.18999999999955
0.9999,7.3,3.409999999999714,11.199999999999548
0.9999,7.3100000000000005,3.419999999999714,11.209999999999546
0.9999,7.32,3.4299999999997137,11.219999999999548
0.9999,7.33,3.4399999999997135,11.22999999999955
0.9999,7.34,3.4499999999997133,11.239999999999547
0.9999,7.3500000000000005,3.459999999999713,11.249999999999545
0.9999,7.36,3.469999999999713,11.259999999999547
0.9999,7.37,3.4799999999997127,11.269999999999548
0.9999,7.38,3.4899999999997124,11.279999999999546
0.9999,7.390000000000001,3.4999999999997122,11.289999999999544
0.9999,7.4,3.509999999999712,11.299999999999546
0.9999,7.41,3.519999999999712,11.309999999999548
0.9999,7.42,3.5299999999997116,11.319999999999546
0.9999,7.43,3.5399999999997114,11.329999999999544
0.9999,7.44,3.549999999999711,11.339999999999545
0.9999,7.45,3.559999999999711,11.349999999999547
0.9999,7.46,3.5699999999997107,11.359999999999545
0.9999,7.47,3.5799999999997105,11.369999999999543
0.9999,7.48,3.5899999999997103,11.379999999999544
0.9999,7.49,3.59999999999971,11.389999999999546
0.9999,7.5,3.60999999999971,11.399999999999544
0.9999,7.51,3.6199999999997097,11.409999999999542
0.9999,7.5200000000000005,3.6299999999997095,11.419999999999543
0.9999,7.53,3.6399999999997092,11.429999999999545
0.9999,7.54,3.649999999999709,11.439999999999543
0.9999,7.55,3.659999999999709,11.449999999999541
0.9999,7.5600000000000005,3.6699999999997086,11.459999999999543
0.9999,7.57,3.6799999999997084,11.469999999999544
0.9999,7.58,3.689999999999708,11.479999999999542
0.9999,7.59,3.699999999999708,11.48999999999954
0.9999,7.6000000000000005,3.7099999999997078,11.499999999999542
0.9999,7.61,3.7199999999997075,11.509999999999543
0.9999,7.62,3.7299999999997073,11.519999999999541
0.9999,7.63,3.739999999999707,11.52999999999954
0.9999,7.640000000000001,3.749999999999707,11.53999999999954
0.9999,7.65,3.7599999999997067,11.549999999999542
0.9999,7.66,3.7699999999997065,11.55999999999954
0.9999,7.67,3.7799999999997063,11.569999999999538
0.9999,7.68,3.789999999999706,11.57999999999954
0.9999,7.69,3.799999999999706,11.589999999999542
0.9999,7.7,3.8099999999997056,11.59999999999954
0.9999,7.71,3.8199999999997054,11.609999999999538
0.9999,7.72,3.829999999999705,11.61999999999954
0.9999,7.73,3.839999999999705,11.62999999999954
0.9999,7.74,3.8499999999997048,11.639999999999539
0.9999,7.75,3.8599999999997046,11.649999999999537
0.9999,7.76,3.8699999999997043,11.659999999999538
0.9999,7.7700000000000005,3.879999999999704,11.66999999999954
0.9999,7.78,3.889999999999704,11.679999999999538
0.9999,7.79,3.8999999999997037,11.689999999999536
0.9999,7.8,3.9099999999997035,11.699999999999537
0.9999,7.8100000000000005,3.9199999999997033,11.709999999999539
0.9999,7.82,3.929999999999703,11.719999999999537
0.9999,7.83,3.939999999999703,11.729999999999535
0.9999,7.84,3.9499999999997026,11.739999999999537
0.9999,7.8500000000000005,3.9599999999997024,11.749999999999538
0.9999,7.86,3.969999999999702,11.759999999999536
0.9999,7.87,3.979999999999702,11.769999999999534
0.9999,7.88,3.989999999999702,11.779999999999536
0.9999,7.890000000000001,3.9999999999997016,11.789999999999537
0.9999,7.9,4.009999999999701,11.799999999999535
0.9999,7.91,4.019999999999701,11.809999999999533
0.9999,7.92,4.029999999999701,11.819999999999535
0.9999,7.930000000000001,4.039999999999701,11.829999999999536
0.9999,7.94,4.0499999999997005,11.839999999999534
0.9999,7.95,4.0599999999997,11.849999999999532
0.9999,7.96,4.0699999999997,11.859999999999534
0.9999,7.97,4.0799999999997,11.869999999999536
0.9999,7.98,4.0899999999997,11.879999999999534
0.9999,7.99,4.099999999999699,11.889999999999532
